{"Version":1,"ManifestType":"Publish","Endpoints":[{"Route":"swagger-ui/custom.4cz43n4l7n.css","AssetFile":"swagger-ui/custom.css","Selectors":[],"ResponseHeaders":[{"Name":"Accept-Ranges","Value":"bytes"},{"Name":"Cache-Control","Value":"max-age=31536000, immutable"},{"Name":"Content-Length","Value":"1410"},{"Name":"Content-Type","Value":"text/css"},{"Name":"ETag","Value":"\"HFUgvGH5u/D9V+eBDfn3Ybb9DvQv0F7BJljd8uhyu7Q=\""},{"Name":"Last-Modified","Value":"Thu, 03 Jul 2025 19:54:39 GMT"}],"EndpointProperties":[{"Name":"fingerprint","Value":"4cz43n4l7n"},{"Name":"integrity","Value":"sha256-HFUgvGH5u/D9V+eBDfn3Ybb9DvQv0F7BJljd8uhyu7Q="},{"Name":"label","Value":"swagger-ui/custom.css"}]},{"Route":"swagger-ui/custom.css","AssetFile":"swagger-ui/custom.css","Selectors":[],"ResponseHeaders":[{"Name":"Accept-Ranges","Value":"bytes"},{"Name":"Cache-Control","Value":"no-cache"},{"Name":"Content-Length","Value":"1410"},{"Name":"Content-Type","Value":"text/css"},{"Name":"ETag","Value":"\"HFUgvGH5u/D9V+eBDfn3Ybb9DvQv0F7BJljd8uhyu7Q=\""},{"Name":"Last-Modified","Value":"Thu, 03 Jul 2025 19:54:39 GMT"}],"EndpointProperties":[{"Name":"integrity","Value":"sha256-HFUgvGH5u/D9V+eBDfn3Ybb9DvQv0F7BJljd8uhyu7Q="}]}]}