{"Version":1,"ManifestType":"Publish","Endpoints":[{"Route":"swagger-ui/custom.4cz43n4l7n.css","AssetFile":"swagger-ui/custom.css.gz","Selectors":[{"Name":"Content-Encoding","Value":"gzip","Quality":"0.001841620626"}],"ResponseHeaders":[{"Name":"Accept-Ranges","Value":"bytes"},{"Name":"Cache-Control","Value":"max-age=31536000, immutable"},{"Name":"Content-Encoding","Value":"gzip"},{"Name":"Content-Length","Value":"542"},{"Name":"Content-Type","Value":"text/css"},{"Name":"ETag","Value":"\"/JMWL/ZRP9u+nwcHyPThbUnFW4ox4VimbVoy/bfmqrw=\""},{"Name":"ETag","Value":"W/\"HFUgvGH5u/D9V+eBDfn3Ybb9DvQv0F7BJljd8uhyu7Q=\""},{"Name":"Last-Modified","Value":"Thu, 03 Jul 2025 20:34:03 GMT"},{"Name":"Vary","Value":"Content-Encoding"}],"EndpointProperties":[{"Name":"fingerprint","Value":"4cz43n4l7n"},{"Name":"integrity","Value":"sha256-HFUgvGH5u/D9V+eBDfn3Ybb9DvQv0F7BJljd8uhyu7Q="},{"Name":"label","Value":"swagger-ui/custom.css"}]},{"Route":"swagger-ui/custom.4cz43n4l7n.css","AssetFile":"swagger-ui/custom.css.br","Selectors":[{"Name":"Content-Encoding","Value":"br","Quality":"0.002358490566"}],"ResponseHeaders":[{"Name":"Accept-Ranges","Value":"bytes"},{"Name":"Cache-Control","Value":"max-age=31536000, immutable"},{"Name":"Content-Encoding","Value":"br"},{"Name":"Content-Length","Value":"423"},{"Name":"Content-Type","Value":"text/css"},{"Name":"ETag","Value":"\"p8CS06Yw4a+NQzNpkH9H1xLeRqabBivMWdNvi+lacEs=\""},{"Name":"ETag","Value":"W/\"HFUgvGH5u/D9V+eBDfn3Ybb9DvQv0F7BJljd8uhyu7Q=\""},{"Name":"Last-Modified","Value":"Thu, 03 Jul 2025 20:34:04 GMT"},{"Name":"Vary","Value":"Content-Encoding"}],"EndpointProperties":[{"Name":"fingerprint","Value":"4cz43n4l7n"},{"Name":"integrity","Value":"sha256-HFUgvGH5u/D9V+eBDfn3Ybb9DvQv0F7BJljd8uhyu7Q="},{"Name":"label","Value":"swagger-ui/custom.css"}]},{"Route":"swagger-ui/custom.4cz43n4l7n.css","AssetFile":"swagger-ui/custom.css","Selectors":[],"ResponseHeaders":[{"Name":"Accept-Ranges","Value":"bytes"},{"Name":"Cache-Control","Value":"max-age=31536000, immutable"},{"Name":"Content-Length","Value":"1410"},{"Name":"Content-Type","Value":"text/css"},{"Name":"ETag","Value":"\"HFUgvGH5u/D9V+eBDfn3Ybb9DvQv0F7BJljd8uhyu7Q=\""},{"Name":"Last-Modified","Value":"Thu, 03 Jul 2025 19:54:39 GMT"}],"EndpointProperties":[{"Name":"fingerprint","Value":"4cz43n4l7n"},{"Name":"integrity","Value":"sha256-HFUgvGH5u/D9V+eBDfn3Ybb9DvQv0F7BJljd8uhyu7Q="},{"Name":"label","Value":"swagger-ui/custom.css"}]},{"Route":"swagger-ui/custom.4cz43n4l7n.css.br","AssetFile":"swagger-ui/custom.css.br","Selectors":[],"ResponseHeaders":[{"Name":"Accept-Ranges","Value":"bytes"},{"Name":"Cache-Control","Value":"max-age=31536000, immutable"},{"Name":"Content-Encoding","Value":"br"},{"Name":"Content-Length","Value":"423"},{"Name":"Content-Type","Value":"text/css"},{"Name":"ETag","Value":"\"p8CS06Yw4a+NQzNpkH9H1xLeRqabBivMWdNvi+lacEs=\""},{"Name":"Last-Modified","Value":"Thu, 03 Jul 2025 20:34:04 GMT"},{"Name":"Vary","Value":"Content-Encoding"}],"EndpointProperties":[{"Name":"fingerprint","Value":"4cz43n4l7n"},{"Name":"integrity","Value":"sha256-p8CS06Yw4a+NQzNpkH9H1xLeRqabBivMWdNvi+lacEs="},{"Name":"label","Value":"swagger-ui/custom.css.br"}]},{"Route":"swagger-ui/custom.4cz43n4l7n.css.gz","AssetFile":"swagger-ui/custom.css.gz","Selectors":[],"ResponseHeaders":[{"Name":"Accept-Ranges","Value":"bytes"},{"Name":"Cache-Control","Value":"max-age=31536000, immutable"},{"Name":"Content-Encoding","Value":"gzip"},{"Name":"Content-Length","Value":"542"},{"Name":"Content-Type","Value":"text/css"},{"Name":"ETag","Value":"\"/JMWL/ZRP9u+nwcHyPThbUnFW4ox4VimbVoy/bfmqrw=\""},{"Name":"Last-Modified","Value":"Thu, 03 Jul 2025 20:34:03 GMT"},{"Name":"Vary","Value":"Content-Encoding"}],"EndpointProperties":[{"Name":"fingerprint","Value":"4cz43n4l7n"},{"Name":"integrity","Value":"sha256-/JMWL/ZRP9u+nwcHyPThbUnFW4ox4VimbVoy/bfmqrw="},{"Name":"label","Value":"swagger-ui/custom.css.gz"}]},{"Route":"swagger-ui/custom.css","AssetFile":"swagger-ui/custom.css.gz","Selectors":[{"Name":"Content-Encoding","Value":"gzip","Quality":"0.001841620626"}],"ResponseHeaders":[{"Name":"Accept-Ranges","Value":"bytes"},{"Name":"Cache-Control","Value":"no-cache"},{"Name":"Content-Encoding","Value":"gzip"},{"Name":"Content-Length","Value":"542"},{"Name":"Content-Type","Value":"text/css"},{"Name":"ETag","Value":"\"/JMWL/ZRP9u+nwcHyPThbUnFW4ox4VimbVoy/bfmqrw=\""},{"Name":"ETag","Value":"W/\"HFUgvGH5u/D9V+eBDfn3Ybb9DvQv0F7BJljd8uhyu7Q=\""},{"Name":"Last-Modified","Value":"Thu, 03 Jul 2025 20:34:03 GMT"},{"Name":"Vary","Value":"Content-Encoding"}],"EndpointProperties":[{"Name":"integrity","Value":"sha256-HFUgvGH5u/D9V+eBDfn3Ybb9DvQv0F7BJljd8uhyu7Q="}]},{"Route":"swagger-ui/custom.css","AssetFile":"swagger-ui/custom.css.br","Selectors":[{"Name":"Content-Encoding","Value":"br","Quality":"0.002358490566"}],"ResponseHeaders":[{"Name":"Accept-Ranges","Value":"bytes"},{"Name":"Cache-Control","Value":"no-cache"},{"Name":"Content-Encoding","Value":"br"},{"Name":"Content-Length","Value":"423"},{"Name":"Content-Type","Value":"text/css"},{"Name":"ETag","Value":"\"p8CS06Yw4a+NQzNpkH9H1xLeRqabBivMWdNvi+lacEs=\""},{"Name":"ETag","Value":"W/\"HFUgvGH5u/D9V+eBDfn3Ybb9DvQv0F7BJljd8uhyu7Q=\""},{"Name":"Last-Modified","Value":"Thu, 03 Jul 2025 20:34:04 GMT"},{"Name":"Vary","Value":"Content-Encoding"}],"EndpointProperties":[{"Name":"integrity","Value":"sha256-HFUgvGH5u/D9V+eBDfn3Ybb9DvQv0F7BJljd8uhyu7Q="}]},{"Route":"swagger-ui/custom.css","AssetFile":"swagger-ui/custom.css","Selectors":[],"ResponseHeaders":[{"Name":"Accept-Ranges","Value":"bytes"},{"Name":"Cache-Control","Value":"no-cache"},{"Name":"Content-Length","Value":"1410"},{"Name":"Content-Type","Value":"text/css"},{"Name":"ETag","Value":"\"HFUgvGH5u/D9V+eBDfn3Ybb9DvQv0F7BJljd8uhyu7Q=\""},{"Name":"Last-Modified","Value":"Thu, 03 Jul 2025 19:54:39 GMT"}],"EndpointProperties":[{"Name":"integrity","Value":"sha256-HFUgvGH5u/D9V+eBDfn3Ybb9DvQv0F7BJljd8uhyu7Q="}]},{"Route":"swagger-ui/custom.css.br","AssetFile":"swagger-ui/custom.css.br","Selectors":[],"ResponseHeaders":[{"Name":"Accept-Ranges","Value":"bytes"},{"Name":"Cache-Control","Value":"no-cache"},{"Name":"Content-Encoding","Value":"br"},{"Name":"Content-Length","Value":"423"},{"Name":"Content-Type","Value":"text/css"},{"Name":"ETag","Value":"\"p8CS06Yw4a+NQzNpkH9H1xLeRqabBivMWdNvi+lacEs=\""},{"Name":"Last-Modified","Value":"Thu, 03 Jul 2025 20:34:04 GMT"},{"Name":"Vary","Value":"Content-Encoding"}],"EndpointProperties":[{"Name":"integrity","Value":"sha256-p8CS06Yw4a+NQzNpkH9H1xLeRqabBivMWdNvi+lacEs="}]},{"Route":"swagger-ui/custom.css.gz","AssetFile":"swagger-ui/custom.css.gz","Selectors":[],"ResponseHeaders":[{"Name":"Accept-Ranges","Value":"bytes"},{"Name":"Cache-Control","Value":"no-cache"},{"Name":"Content-Encoding","Value":"gzip"},{"Name":"Content-Length","Value":"542"},{"Name":"Content-Type","Value":"text/css"},{"Name":"ETag","Value":"\"/JMWL/ZRP9u+nwcHyPThbUnFW4ox4VimbVoy/bfmqrw=\""},{"Name":"Last-Modified","Value":"Thu, 03 Jul 2025 20:34:03 GMT"},{"Name":"Vary","Value":"Content-Encoding"}],"EndpointProperties":[{"Name":"integrity","Value":"sha256-/JMWL/ZRP9u+nwcHyPThbUnFW4ox4VimbVoy/bfmqrw="}]}]}